{"avg_nfams": 0.006791925301328346, "avg_ncouples": 0.00265780700548611, "perc_yes_indig": -0.0009232301595010651, "perc_yes_speakind": -0.00154154293017629, "perc_yes_and_spanish_speakind": -7.3293177429295e-05, "perc_yes_only_indig_speakind": 0.009544586590355515, "avg_age": -0.01184337649232794, "total_pop": 0.039244109097639396, "perc_single": 0.009677861481897051, "perc_married": -0.010045149937677245, "perc_separated": 0.00755518016464766, "avg_chsurv": -0.01335677094951642, "avg_num_years_from_last_birth": -0.01056334775469322, "avg_chdead": -0.00835765122921449, "perc_employed": 0.00231303320324351, "perc_senior_officials": 0.0119177322950831, "perc_professionals": 0.012684435180311171, "perc_technicians_associate_professionals": 0.00690097049227135, "perc_clerks": 0.010574930694076461, "perc_service_workers": 0.0075007391770602755, "perc_agri_fish_workers": 0.0075007391770602755, "perc_trades_workers": -0.00015766122218759002, "perc_machine_operators": 0.00526472355096046, "perc_elementary_occupations": -0.0029125147683901403, "perc_armed_forces": -0.002637277962870465, "perc_self_employed": -0.00282403863991852, "perc_wage_worker": 0.00502807541768913, "perc_unpaid_worker": -0.004249292523091626, "perc_disabled": -0.011321440740303161, "perc_yes_lab": 0.0029276011365644153, "perc_yes_school": 0.00781721283471807, "perc_yes_literacy": -0.003737578494916865, "perc_less_than_primary_edu": -0.003991754694589045, "perc_primary_edu": -0.007657091171314601, "perc_secondary_edu": 0.009049199444953245, "perc_university_edu": 0.012426433518919235, "perc_social_security_imss_hlthfac": 0.005853212717758856, "perc_permex_defense_navy_hlthfac": 0.001737755879579675, "perc_public_insurance_hlthcov": -0.00578619049924954, "perc_public_workers_issste_hlthfac": 0.0030061581687586903, "perc_imss_only_hlthcov": 0.006984161433684845, "perc_issste_only_hlthcov": 0.00209743046001414, "perc_no_coverage_hlthcov": -0.0013991722020609302, "perc_private_facility_hlthfac": 0.003096305740052725, "perc_no_facility_used_hlthfac": 0.005884150298000625, "avg_npersons": 0.007999869202882951, "avg_room_num": 0.0025246244227119753, "perc_rural": -0.009627563852531091, "unrel_ppl": 0.00743531318364204, "perc_owned": -0.00410712608460536, "perc_yes_electricity": -0.002931951436531925, "perc_no_piped_water": 0.00175907161986193, "perc_sewage_system": 0.00486202774020603, "perc_septic_tank": -0.007611934406617685, "perc_no_sewage_system": -0.00141119021260911, "perc_electricity_fuelcook": 0.0034677718097033947, "perc_yes_phone": 0.0073513700738275555, "perc_yes_cell": 0.00439952416139366, "perc_yes_internet": 0.013306703188653977, "perc_yes_autos": 0.0007493604517005751, "perc_yes_hotwater": 0.0027057835643281153, "perc_yes_computer": 0.010953981668199166, "perc_yes_washer": 0.00057802772443928, "perc_yes_refrig": -0.00044375889080893003, "perc_yes_radio": -2.273740130739e-05, "perc_yes_kitchen": 0.00128437525645824, "perc_flush_toilet": 0.00348532761042733, "perc_yes_bath": 0.002258023669246515, "perc_no_unfinished_floor": -0.001197948443510355, "perc_cement_floor": -0.009212328360593955, "perc_scrap_wall": -0.0025410855616369403, "perc_cardboard_wall": -0.0020642263498068, "perc_wood_wall": 0.0039766251962179856, "perc_reed_bamboo_palm_wall": -0.0032682476322205703, "perc_brick_stone_wall": 0.0020356554618587, "perc_adobe_wall": -0.00614816026936079, "perc_mud_wall": -0.0035907502404606897, "perc_metal_asbestos_sheet_wall": -0.0006572286522492851, "perc_masonry_roof": 0.00392202403052818, "perc_slate_roof": -0.0046314512545278545, "perc_asbestos_roof": -0.002128799372341665, "perc_sheet_metal_roof": -0.00286147934578262, "perc_plant_materials_roof": -0.00370355142474375, "perc_wood_roof": 0.0008462583354241001, "perc_thatch_roof": -0.002015097796182025, "perc_scrap_material_roof": 0.0034471373862057647, "perc_cardboard_roof": 0.005275966070275806, "perc_one_person_hhtype": -0.008624573020713375, "perc_married_with_children_hhtype": 0.0043350668520647255, "perc_single_parent_hhtype": -7.2974542955455e-05, "perc_extended_family_hhtype": -0.000829825582266615, "perc_composite_hhytpe": 0.004936940395462216, "perc_non_family_hhtype": 0.003359136349700125}