{"avg_nfams": 0.06791925301328346, "avg_ncouples": 0.0265780700548611, "perc_yes_indig": -0.00923230159501065, "perc_yes_speakind": -0.0154154293017629, "perc_yes_and_spanish_speakind": -0.00073293177429295, "perc_yes_only_indig_speakind": 0.09544586590355515, "avg_age": -0.1184337649232794, "total_pop": 0.39244109097639396, "perc_single": 0.0967786148189705, "perc_married": -0.10045149937677245, "perc_separated": 0.0755518016464766, "avg_chsurv": -0.1335677094951642, "avg_num_years_from_last_birth": -0.1056334775469322, "avg_chdead": -0.0835765122921449, "perc_employed": 0.0231303320324351, "perc_senior_officials": 0.119177322950831, "perc_professionals": 0.1268443518031117, "perc_technicians_associate_professionals": 0.0690097049227135, "perc_clerks": 0.1057493069407646, "perc_service_workers": 0.07500739177060275, "perc_agri_fish_workers": 0.07500739177060275, "perc_trades_workers": -0.0015766122218759, "perc_machine_operators": 0.0526472355096046, "perc_elementary_occupations": -0.0291251476839014, "perc_armed_forces": -0.02637277962870465, "perc_self_employed": -0.0282403863991852, "perc_wage_worker": 0.0502807541768913, "perc_unpaid_worker": -0.04249292523091625, "perc_disabled": -0.1132144074030316, "perc_yes_lab": 0.02927601136564415, "perc_yes_school": 0.0781721283471807, "perc_yes_literacy": -0.03737578494916865, "perc_less_than_primary_edu": -0.03991754694589045, "perc_primary_edu": -0.076570911713146, "perc_secondary_edu": 0.09049199444953245, "perc_university_edu": 0.12426433518919235, "perc_social_security_imss_hlthfac": 0.05853212717758855, "perc_permex_defense_navy_hlthfac": 0.01737755879579675, "perc_public_insurance_hlthcov": -0.0578619049924954, "perc_public_workers_issste_hlthfac": 0.0300615816875869, "perc_imss_only_hlthcov": 0.06984161433684845, "perc_issste_only_hlthcov": 0.0209743046001414, "perc_no_coverage_hlthcov": -0.0139917220206093, "perc_private_facility_hlthfac": 0.03096305740052725, "perc_no_facility_used_hlthfac": 0.05884150298000625, "avg_npersons": 0.0799986920288295, "avg_room_num": 0.02524624422711975, "perc_rural": -0.0962756385253109, "unrel_ppl": 0.0743531318364204, "perc_owned": -0.0410712608460536, "perc_yes_electricity": -0.02931951436531925, "perc_no_piped_water": 0.0175907161986193, "perc_sewage_system": 0.0486202774020603, "perc_septic_tank": -0.07611934406617685, "perc_no_sewage_system": -0.0141119021260911, "perc_electricity_fuelcook": 0.03467771809703395, "perc_yes_phone": 0.07351370073827555, "perc_yes_cell": 0.0439952416139366, "perc_yes_internet": 0.13306703188653976, "perc_yes_autos": 0.00749360451700575, "perc_yes_hotwater": 0.02705783564328115, "perc_yes_computer": 0.10953981668199166, "perc_yes_washer": 0.0057802772443928, "perc_yes_refrig": -0.0044375889080893, "perc_yes_radio": -0.0002273740130739, "perc_yes_kitchen": 0.0128437525645824, "perc_flush_toilet": 0.0348532761042733, "perc_yes_bath": 0.02258023669246515, "perc_no_unfinished_floor": -0.01197948443510355, "perc_cement_floor": -0.09212328360593955, "perc_scrap_wall": -0.0254108556163694, "perc_cardboard_wall": -0.020642263498068, "perc_wood_wall": 0.03976625196217985, "perc_reed_bamboo_palm_wall": -0.0326824763222057, "perc_brick_stone_wall": 0.020356554618587, "perc_adobe_wall": -0.0614816026936079, "perc_mud_wall": -0.0359075024046069, "perc_metal_asbestos_sheet_wall": -0.00657228652249285, "perc_masonry_roof": 0.0392202403052818, "perc_slate_roof": -0.04631451254527855, "perc_asbestos_roof": -0.02128799372341665, "perc_sheet_metal_roof": -0.0286147934578262, "perc_plant_materials_roof": -0.0370355142474375, "perc_wood_roof": 0.008462583354241, "perc_thatch_roof": -0.02015097796182025, "perc_scrap_material_roof": 0.03447137386205765, "perc_cardboard_roof": 0.05275966070275805, "perc_one_person_hhtype": -0.08624573020713375, "perc_married_with_children_hhtype": 0.04335066852064725, "perc_single_parent_hhtype": -0.00072974542955455, "perc_extended_family_hhtype": -0.00829825582266615, "perc_composite_hhytpe": 0.04936940395462215, "perc_non_family_hhtype": 0.03359136349700125}