{"sum_income": -0.0009232301595010651, "avg_nfams": -0.006864388402566241, "avg_ncouples": 0.00311232880504441, "perc_yes_speakind": 0.021846871328489958, "perc_yes_and_spanish_speakind": 0.043582716091753855, "perc_yes_only_indig_speakind": 0.026152286359882728, "avg_age": -0.00182833376596278, "total_pop": -0.00692536247933746, "perc_single": 0.00916934578764186, "perc_married": -0.01106586903854299, "perc_separated": -0.01812807742625129, "avg_chsurv": 0.005607501956109396, "avg_num_years_from_last_birth": -0.0012791447422427751, "avg_chdead": 0.021916483023262837, "perc_employed": -0.011023394733597765, "perc_senior_officials": -0.01394410447561858, "perc_professionals": -0.01359052147070827, "perc_technicians_associate_professionals": -0.01311106511323553, "perc_clerks": -0.0179681951327431, "perc_service_workers": -0.020959815701619332, "perc_agri_fish_workers": -0.020959815701619332, "perc_trades_workers": -0.004390439940826315, "perc_machine_operators": -0.01703696160770298, "perc_elementary_occupations": -0.01526685712122736, "perc_armed_forces": -0.0026665793607057653, "perc_self_employed": 0.01683010042708853, "perc_wage_worker": -0.026492220111594317, "perc_unpaid_worker": 0.019470391742523283, "perc_disabled": 0.00318560386902551, "perc_yes_lab": -0.014167811722531447, "perc_yes_school": 0.01268328061715239, "perc_yes_literacy": -0.028045203592982668, "perc_less_than_primary_edu": 0.024729380988109645, "perc_primary_edu": -0.01928826026284061, "perc_secondary_edu": -0.019193940086286387, "perc_university_edu": -0.01454452916484899, "perc_social_security_imss_hlthfac": -0.008657795533650666, "perc_permex_defense_navy_hlthfac": -0.003551335387005415, "perc_public_insurance_hlthcov": 0.002223284338792715, "perc_public_workers_issste_hlthfac": -0.01344110553899875, "perc_imss_only_hlthcov": -0.01122806618980501, "perc_issste_only_hlthcov": -0.011815761418950452, "perc_no_coverage_hlthcov": 0.01169828579157252, "perc_private_facility_hlthfac": -0.016047471086431727, "perc_no_facility_used_hlthfac": 0.0079277249694512, "avg_npersons": 0.012665799290280201, "avg_room_num": -0.027396976065402884, "perc_rural": 0.014933776081720605, "unrel_ppl": -0.013314577258768777, "perc_owned": 0.02851814130548846, "perc_yes_electricity": -0.012072870793427821, "perc_no_piped_water": 0.009855976738675616, "perc_sewage_system": -0.021902838731587985, "perc_septic_tank": 0.00398042405081468, "perc_no_sewage_system": 0.027735694343736957, "perc_electricity_fuelcook": -0.003955234002911825, "perc_yes_phone": -0.025528218057741886, "perc_yes_cell": -0.028016401894180615, "perc_yes_internet": -0.02072073769967339, "perc_yes_autos": -0.0341164148055248, "perc_yes_hotwater": -0.025833816628061806, "perc_yes_computer": -0.023561245840742446, "perc_yes_washer": -0.03234119282993541, "perc_yes_refrig": -0.033497870424846185, "perc_yes_radio": -0.01551436290940679, "perc_yes_kitchen": -0.006907674531786515, "perc_flush_toilet": -0.02664021053069642, "perc_yes_bath": -0.026744692990571924, "perc_no_unfinished_floor": 0.025694672035689523, "perc_cement_floor": 0.0047165561984332405, "perc_scrap_wall": 0.000870388336246745, "perc_cardboard_wall": -0.00038877585957350504, "perc_wood_wall": 0.016273013343839553, "perc_reed_bamboo_palm_wall": 0.01060884520566532, "perc_brick_stone_wall": -0.0159813761603027, "perc_adobe_wall": 0.003372989394561425, "perc_mud_wall": 0.012560811186306127, "perc_metal_asbestos_sheet_wall": 0.009391014752017186, "perc_masonry_roof": -0.014508618954266082, "perc_slate_roof": 0.006186117427772021, "perc_asbestos_roof": -0.0017814802065672102, "perc_sheet_metal_roof": 0.01132358389798354, "perc_plant_materials_roof": -0.007165979783100571, "perc_wood_roof": -0.005438909741623791, "perc_thatch_roof": -0.002050370020307485, "perc_scrap_material_roof": 0.00968792245847818, "perc_cardboard_roof": -6.311304594102501e-05, "perc_one_person_hhtype": 0.000358657484819325, "perc_married_with_children_hhtype": -0.00130577409604465, "perc_single_parent_hhtype": -0.000768640868207595, "perc_extended_family_hhtype": 0.00288650172505207, "perc_composite_hhytpe": -0.008174424564451426, "perc_non_family_hhtype": -0.00667644024000786}