{"avg_nfams": 0.0027167701205313382, "avg_ncouples": 0.001063122802194444, "perc_yes_indig": -0.000369292063800426, "perc_yes_speakind": -0.000616617172070516, "perc_yes_and_spanish_speakind": -2.9317270971718e-05, "perc_yes_only_indig_speakind": 0.003817834636142206, "avg_age": -0.004737350596931176, "total_pop": 0.015697643639055757, "perc_single": 0.0038711445927588203, "perc_married": -0.004018059975070898, "perc_separated": 0.003022072065859064, "avg_chsurv": -0.005342708379806568, "avg_num_years_from_last_birth": -0.004225339101877288, "avg_chdead": -0.003343060491685796, "perc_employed": 0.000925213281297404, "perc_senior_officials": 0.00476709291803324, "perc_professionals": 0.005073774072124468, "perc_technicians_associate_professionals": 0.0027603881969085397, "perc_clerks": 0.004229972277630585, "perc_service_workers": 0.0030002956708241103, "perc_agri_fish_workers": 0.0030002956708241103, "perc_trades_workers": -6.3064488875036e-05, "perc_machine_operators": 0.002105889420384184, "perc_elementary_occupations": -0.0011650059073560562, "perc_armed_forces": -0.001054911185148186, "perc_self_employed": -0.0011296154559674082, "perc_wage_worker": 0.002011230167075652, "perc_unpaid_worker": -0.0016997170092366502, "perc_disabled": -0.004528576296121264, "perc_yes_lab": 0.001171040454625766, "perc_yes_school": 0.003126885133887228, "perc_yes_literacy": -0.001495031397966746, "perc_less_than_primary_edu": -0.0015967018778356178, "perc_primary_edu": -0.0030628364685258403, "perc_secondary_edu": 0.003619679777981298, "perc_university_edu": 0.004970573407567694, "perc_social_security_imss_hlthfac": 0.002341285087103542, "perc_permex_defense_navy_hlthfac": 0.00069510235183187, "perc_public_insurance_hlthcov": -0.002314476199699816, "perc_public_workers_issste_hlthfac": 0.0012024632675034762, "perc_imss_only_hlthcov": 0.002793664573473938, "perc_issste_only_hlthcov": 0.0008389721840056561, "perc_no_coverage_hlthcov": -0.000559668880824372, "perc_private_facility_hlthfac": 0.00123852229602109, "perc_no_facility_used_hlthfac": 0.00235366011920025, "avg_npersons": 0.00319994768115318, "avg_room_num": 0.0010098497690847902, "perc_rural": -0.0038510255410124363, "unrel_ppl": 0.002974125273456816, "perc_owned": -0.001642850433842144, "perc_yes_electricity": -0.00117278057461277, "perc_no_piped_water": 0.000703628647944772, "perc_sewage_system": 0.001944811096082412, "perc_septic_tank": -0.003044773762647074, "perc_no_sewage_system": -0.0005644760850436441, "perc_electricity_fuelcook": 0.0013871087238813578, "perc_yes_phone": 0.002940548029531022, "perc_yes_cell": 0.001759809664557464, "perc_yes_internet": 0.00532268127546159, "perc_yes_autos": 0.00029974418068023, "perc_yes_hotwater": 0.001082313425731246, "perc_yes_computer": 0.0043815926672796665, "perc_yes_washer": 0.000231211089775712, "perc_yes_refrig": -0.000177503556323572, "perc_yes_radio": -9.094960522956001e-06, "perc_yes_kitchen": 0.000513750102583296, "perc_flush_toilet": 0.0013941310441709322, "perc_yes_bath": 0.0009032094676986061, "perc_no_unfinished_floor": -0.00047917937740414205, "perc_cement_floor": -0.003684931344237582, "perc_scrap_wall": -0.001016434224654776, "perc_cardboard_wall": -0.00082569053992272, "perc_wood_wall": 0.001590650078487194, "perc_reed_bamboo_palm_wall": -0.0013072990528882281, "perc_brick_stone_wall": 0.00081426218474348, "perc_adobe_wall": -0.0024592641077443157, "perc_mud_wall": -0.001436300096184276, "perc_metal_asbestos_sheet_wall": -0.000262891460899714, "perc_masonry_roof": 0.0015688096122112721, "perc_slate_roof": -0.0018525805018111418, "perc_asbestos_roof": -0.0008515197489366661, "perc_sheet_metal_roof": -0.001144591738313048, "perc_plant_materials_roof": -0.0014814205698975, "perc_wood_roof": 0.00033850333416964, "perc_thatch_roof": -0.0008060391184728099, "perc_scrap_material_roof": 0.001378854954482306, "perc_cardboard_roof": 0.002110386428110322, "perc_one_person_hhtype": -0.00344982920828535, "perc_married_with_children_hhtype": 0.00173402674082589, "perc_single_parent_hhtype": -2.9189817182182e-05, "perc_extended_family_hhtype": -0.000331930232906646, "perc_composite_hhytpe": 0.001974776158184886, "perc_non_family_hhtype": 0.00134365453988005}