{"sum_income": 0.09049199444953245, "avg_nfams": 0.0806464795631513, "avg_ncouples": -0.05230292905462945, "perc_yes_indig": -0.19193940086286385, "perc_yes_speakind": -0.08587785137213125, "perc_yes_and_spanish_speakind": -0.20066738746334756, "perc_yes_only_indig_speakind": -0.2241422561962506, "avg_age": 0.0513034857086962, "total_pop": 0.16805298042948094, "perc_single": -0.1494534915192477, "perc_married": 0.11169858716533396, "perc_separated": 0.3335737627120781, "avg_chsurv": -0.2475714561399424, "avg_num_years_from_last_birth": 0.1019874343311274, "avg_chdead": -0.2881865008246399, "perc_employed": 0.2870819162710435, "perc_senior_officials": 0.35306578542152195, "perc_professionals": 0.3981404467831374, "perc_technicians_associate_professionals": 0.4092491644889991, "perc_clerks": 0.4006544545932828, "perc_service_workers": 0.38704837082480165, "perc_agri_fish_workers": 0.38704837082480165, "perc_trades_workers": 0.16705749508299714, "perc_machine_operators": 0.2685774718472673, "perc_elementary_occupations": 0.15615203158675495, "perc_armed_forces": 0.06862507220794245, "perc_self_employed": -0.09769013825454916, "perc_wage_worker": 0.37142645251805034, "perc_unpaid_worker": -0.22585176406314256, "perc_disabled": -0.11632760896172335, "perc_yes_lab": 0.3149937157630476, "perc_yes_school": 0.02313069469240965, "perc_yes_literacy": 0.3319936136699409, "perc_less_than_primary_edu": -0.4193487420122745, "perc_primary_edu": 0.15614818107767106, "perc_university_edu": 0.41388997028303465, "perc_social_security_imss_hlthfac": 0.19921351108130164, "perc_permex_defense_navy_hlthfac": 0.13805890800529724, "perc_public_insurance_hlthcov": -0.1766996491414042, "perc_public_workers_issste_hlthfac": 0.33615113658372825, "perc_imss_only_hlthcov": 0.24160374527510836, "perc_issste_only_hlthcov": 0.3240236929481806, "perc_no_coverage_hlthcov": -0.10736364459922484, "perc_private_facility_hlthfac": 0.140213150760721, "perc_no_facility_used_hlthfac": -0.05415601117457965, "avg_npersons": -0.19020817381535854, "avg_room_num": 0.2650322273621983, "perc_rural": -0.29743260707998503, "unrel_ppl": 0.19148874027691634, "perc_owned": -0.25208630519046665, "perc_yes_electricity": 0.1659430963101842, "perc_no_piped_water": -0.1443129713530257, "perc_sewage_system": 0.26394412859470945, "perc_septic_tank": -0.0873643960152427, "perc_no_sewage_system": -0.2799939475125937, "perc_electricity_fuelcook": 0.1112202175001322, "perc_yes_phone": 0.2904062828270168, "perc_yes_cell": 0.3575618450407765, "perc_yes_internet": 0.39183389265620416, "perc_yes_autos": 0.22648789259708224, "perc_yes_hotwater": 0.24253143822984394, "perc_yes_computer": 0.42351448439181877, "perc_yes_washer": 0.290569608480013, "perc_yes_refrig": 0.297918636691467, "perc_yes_radio": 0.23098552295663485, "perc_yes_kitchen": 0.03082990242577315, "perc_flush_toilet": 0.3050431146517097, "perc_yes_bath": 0.302876711091358, "perc_no_unfinished_floor": -0.2249265509691369, "perc_cement_floor": -0.15525752294446316, "perc_scrap_wall": -0.0336463580174182, "perc_cardboard_wall": 0.03961193479141535, "perc_wood_wall": -0.14329430266577675, "perc_reed_bamboo_palm_wall": -0.06984756786484494, "perc_brick_stone_wall": 0.25355787070983493, "perc_adobe_wall": -0.1706745511927738, "perc_mud_wall": -0.0909135892633819, "perc_metal_asbestos_sheet_wall": -0.05073097462511895, "perc_masonry_roof": 0.2379530252221188, "perc_slate_roof": -0.13257585623057325, "perc_asbestos_roof": -0.00495358459538965, "perc_sheet_metal_roof": -0.1671130738938135, "perc_plant_materials_roof": -0.03250530068295335, "perc_wood_roof": 0.01663248668842995, "perc_thatch_roof": -0.03119991666880925, "perc_scrap_material_roof": -0.06988272343624155, "perc_cardboard_roof": 0.04511573919833335, "perc_one_person_hhtype": 0.00778417383197315, "perc_married_with_children_hhtype": -0.05540269926143235, "perc_single_parent_hhtype": 0.0388158541953645, "perc_extended_family_hhtype": 0.0424590409239338, "perc_composite_hhytpe": 0.1725720563240101, "perc_non_family_hhtype": 0.11671924286740655}