{"avg_ncouples": 0.000525499232623294, "perc_yes_indig": -0.0015575237124134612, "perc_yes_speakind": -0.000440462633184792, "perc_yes_and_spanish_speakind": -0.00124150905711637, "perc_yes_only_indig_speakind": 0.0018234751890236081, "avg_age": -0.0034994439195196302, "total_pop": 0.009262254198131495, "perc_single": 0.0027322499146145503, "perc_married": -0.003435713254912217, "perc_separated": 0.003036040758459568, "avg_chsurv": -0.004349127134827031, "avg_num_years_from_last_birth": -0.003283670374733409, "avg_chdead": -0.003189292217307394, "perc_employed": 0.000927267941379249, "perc_senior_officials": 0.004845550782539367, "perc_professionals": 0.004711693022803722, "perc_technicians_associate_professionals": 0.0025345922591685542, "perc_clerks": 0.0037738037875470003, "perc_service_workers": 0.0027410265944969705, "perc_agri_fish_workers": 0.0027410265944969705, "perc_trades_workers": 6.2516837049119995e-06, "perc_machine_operators": 0.001812693742329672, "perc_elementary_occupations": -0.0007950694168569381, "perc_armed_forces": -0.00041996115307861104, "perc_self_employed": -0.001526012917148234, "perc_wage_worker": 0.002133895309846007, "perc_unpaid_worker": -0.001796034630383066, "perc_disabled": -0.00331010693575865, "perc_yes_lab": 0.001115487000483587, "perc_yes_school": 0.001945040517174398, "perc_yes_literacy": -0.0006532463604203599, "perc_less_than_primary_edu": -0.001938413960997156, "perc_primary_edu": -0.0023734462065414285, "perc_secondary_edu": 0.003422769480253675, "perc_university_edu": 0.004803083337203853, "perc_social_security_imss_hlthfac": 0.001684361703679826, "perc_permex_defense_navy_hlthfac": 0.0007806332581003291, "perc_public_insurance_hlthcov": -0.002109740286215088, "perc_public_workers_issste_hlthfac": 0.0015617864908834141, "perc_imss_only_hlthcov": 0.002042138903792761, "perc_issste_only_hlthcov": 0.001310362273345614, "perc_no_coverage_hlthcov": -0.00044167161241915703, "perc_private_facility_hlthfac": 0.00177915280662679, "perc_no_facility_used_hlthfac": 0.001264108000178083, "avg_npersons": 0.002640642122088436, "avg_room_num": 0.0015916726236510992, "perc_rural": -0.002897373733308723, "unrel_ppl": 0.007333420934365531, "perc_owned": -0.00234438317798991, "perc_yes_electricity": -0.0012945916878704688, "perc_no_piped_water": 0.001182358784095583, "perc_sewage_system": 0.0017130251791211391, "perc_septic_tank": -0.002135363117684354, "perc_no_sewage_system": -0.00115712086093463, "perc_electricity_fuelcook": 0.001339946163086407, "perc_yes_phone": 0.003039921236567264, "perc_yes_cell": 0.0020729913186389413, "perc_yes_internet": 0.005033774388653517, "perc_yes_autos": 0.0013311534333420691, "perc_yes_hotwater": 0.0010220596204474509, "perc_yes_computer": 0.004330913944139019, "perc_yes_washer": 0.0009901294510316649, "perc_yes_refrig": 0.0010077409016055249, "perc_yes_radio": -0.000142307262114157, "perc_yes_kitchen": 4.2348457642001004e-05, "perc_flush_toilet": 0.00137823844261026, "perc_yes_bath": 0.00108379648368099, "perc_no_unfinished_floor": -0.000547198934981494, "perc_cement_floor": -0.002636265816731318, "perc_scrap_wall": -0.000719424130567284, "perc_cardboard_wall": -0.000396271765486208, "perc_wood_wall": 0.000738272298937318, "perc_reed_bamboo_palm_wall": -0.001023896962999775, "perc_brick_stone_wall": 0.0007318157292450489, "perc_adobe_wall": -0.001747685183866694, "perc_mud_wall": -0.001736594295832943, "perc_metal_asbestos_sheet_wall": -0.0001322970311228191, "perc_masonry_roof": 0.001043499453147977, "perc_slate_roof": -0.0013107256205635949, "perc_asbestos_roof": -0.000585856433364431, "perc_sheet_metal_roof": -0.000668013255553604, "perc_plant_materials_roof": -0.001211527693524457, "perc_wood_roof": 0.00040411668098982, "perc_thatch_roof": -0.000313847679457259, "perc_scrap_material_roof": 0.000751657171280978, "perc_cardboard_roof": 0.004109735856763357, "perc_one_person_hhtype": -0.002320976875059081, "perc_married_with_children_hhtype": -0.000809874277602479, "perc_single_parent_hhtype": -0.00040626579625716903, "perc_extended_family_hhtype": 0.00024782593656358495, "perc_composite_hhytpe": 0.005991790464161927, "perc_non_family_hhtype": 0.005061150941177664}