{"sum_income": 0.003126885133887228, "avg_nfams": 0.000763195900461568, "avg_ncouples": 0.0027884766534951077, "perc_yes_indig": 0.005073312246860956, "perc_yes_speakind": 0.00099160812334307, "perc_yes_and_spanish_speakind": 0.00522958676560119, "perc_yes_only_indig_speakind": 0.00497150057641695, "avg_age": -0.01235805887617736, "total_pop": 0.00048504475912703203, "perc_single": 0.013385101567242819, "perc_married": -0.012441514878477958, "perc_separated": -0.002123923483518746, "avg_chsurv": -0.004459351271903936, "avg_num_years_from_last_birth": -0.01066192356820727, "avg_chdead": 0.000215379954353432, "perc_employed": -0.005065315852951848, "perc_senior_officials": -0.000810180434095968, "perc_professionals": 0.001028850379468078, "perc_technicians_associate_professionals": 0.0020983971303467318, "perc_clerks": -0.0016811408650540742, "perc_service_workers": -0.00186212810467405, "perc_agri_fish_workers": -0.00186212810467405, "perc_trades_workers": -0.0035263519529148205, "perc_machine_operators": -0.001955736281471728, "perc_elementary_occupations": -0.004046623243687134, "perc_armed_forces": 0.000365283300272638, "perc_self_employed": -0.0025995649251201957, "perc_wage_worker": -0.0032493337748994862, "perc_unpaid_worker": 0.00202970857659718, "perc_disabled": -0.006797073667794588, "perc_yes_lab": -0.005610791542880146, "perc_yes_literacy": -0.006188665893821682, "perc_less_than_primary_edu": 0.00206038386343536, "perc_primary_edu": -0.006146369688669966, "perc_secondary_edu": 0.000925227787696386, "perc_university_edu": 0.0015982774928468579, "perc_social_security_imss_hlthfac": -0.0017196419185793019, "perc_permex_defense_navy_hlthfac": -0.00017769056732964798, "perc_public_insurance_hlthcov": 0.001255679553290176, "perc_public_workers_issste_hlthfac": 0.001154896044084026, "perc_imss_only_hlthcov": -0.001927721655568912, "perc_issste_only_hlthcov": 0.00137446226829074, "perc_no_coverage_hlthcov": 4.871365499139e-05, "perc_private_facility_hlthfac": -0.0023754757636823003, "perc_no_facility_used_hlthfac": 0.001005616533134914, "avg_npersons": 0.010677316441258054, "avg_room_num": -0.0036179053746309142, "perc_rural": -0.0005525468688406181, "unrel_ppl": -0.0009513032150527841, "perc_owned": 0.0042691787876291895, "perc_yes_electricity": -0.003233350798474386, "perc_no_piped_water": 0.0036588363150124345, "perc_sewage_system": -0.0013008500899918801, "perc_septic_tank": -0.002919813691895466, "perc_no_sewage_system": 0.004428728468025714, "perc_electricity_fuelcook": -0.00225883568883556, "perc_yes_phone": -0.003746029179473726, "perc_yes_cell": -0.004640714335682108, "perc_yes_internet": -0.000670884168998228, "perc_yes_autos": -0.006756037513320844, "perc_yes_hotwater": -0.005025033752079472, "perc_yes_computer": -0.0011545936637382679, "perc_yes_washer": -0.007120444336761432, "perc_yes_refrig": -0.006798373698887774, "perc_yes_radio": -0.005158850121463724, "perc_yes_kitchen": -0.001433700035298632, "perc_flush_toilet": -0.0062391669973607, "perc_yes_bath": -0.007069886611287513, "perc_no_unfinished_floor": 0.003878028561120538, "perc_cement_floor": 0.000777633004889494, "perc_scrap_wall": -0.001243968711780982, "perc_cardboard_wall": -0.00084788561392422, "perc_wood_wall": 0.005237908040384554, "perc_reed_bamboo_palm_wall": 0.0014351681085461659, "perc_brick_stone_wall": -0.002201243144557566, "perc_adobe_wall": -0.00234208721633381, "perc_mud_wall": 0.0019503698786690398, "perc_metal_asbestos_sheet_wall": 0.0008124133289461841, "perc_masonry_roof": -0.0019715717621487743, "perc_slate_roof": 0.00028766776600808603, "perc_asbestos_roof": 0.001161433502386826, "perc_sheet_metal_roof": 0.000456750413577716, "perc_plant_materials_roof": -0.0027495843367162398, "perc_wood_roof": -0.001324967080034154, "perc_thatch_roof": -0.001488375684651678, "perc_scrap_material_roof": 0.00415169395129335, "perc_cardboard_roof": -6.7354103436084e-05, "perc_one_person_hhtype": -0.009681973529230909, "perc_married_with_children_hhtype": 0.003450204748834606, "perc_single_parent_hhtype": 0.00053250907838264, "perc_extended_family_hhtype": 0.0020060205982460563, "perc_composite_hhytpe": -0.00072146356088349, "perc_non_family_hhtype": -0.00288090024371273}