{"avg_ncouples": -0.00053762356957115, "perc_yes_indig": -0.0011882316486130351, "perc_yes_speakind": 0.000176154538885724, "perc_yes_and_spanish_speakind": -0.0012121917861446518, "perc_yes_only_indig_speakind": -0.001994359447118598, "avg_age": 0.001237906677411546, "total_pop": -0.006435389440924262, "perc_single": -0.00113889467814427, "perc_married": 0.0005823467201586812, "perc_separated": 1.3968692600504129e-05, "avg_chsurv": 0.000993581244979537, "avg_num_years_from_last_birth": 0.0009416687271438789, "avg_chdead": 0.00015376827437840182, "perc_employed": 2.054660081845009e-06, "perc_senior_officials": 7.845786450612693e-05, "perc_professionals": -0.0003620810493207469, "perc_technicians_associate_professionals": -0.0002257959377399857, "perc_clerks": -0.00045616849008358424, "perc_service_workers": -0.00025926907632714004, "perc_agri_fish_workers": -0.00025926907632714004, "perc_trades_workers": 6.9316172579948e-05, "perc_machine_operators": -0.00029319567805451217, "perc_elementary_occupations": 0.00036993649049911806, "perc_armed_forces": 0.000634950032069575, "perc_self_employed": -0.0003963974611808259, "perc_wage_worker": 0.0001226651427703551, "perc_unpaid_worker": -9.631762114641583e-05, "perc_disabled": 0.0012184693603626141, "perc_yes_lab": -5.555345414217901e-05, "perc_yes_school": -0.00118184461671283, "perc_yes_literacy": 0.000841785037546386, "perc_less_than_primary_edu": -0.0003417120831615381, "perc_primary_edu": 0.000689390261984412, "perc_secondary_edu": -0.00019691029772762316, "perc_university_edu": -0.0001674900703638408, "perc_social_security_imss_hlthfac": -0.000656923383423716, "perc_permex_defense_navy_hlthfac": 8.553090626845899e-05, "perc_public_insurance_hlthcov": 0.0002047359134847279, "perc_public_workers_issste_hlthfac": 0.00035932322337993796, "perc_imss_only_hlthcov": -0.000751525669681177, "perc_issste_only_hlthcov": 0.0004713900893399579, "perc_no_coverage_hlthcov": 0.000117997268405215, "perc_private_facility_hlthfac": 0.0005406305106057, "perc_no_facility_used_hlthfac": -0.001089552119022167, "avg_npersons": -0.0005593055590647439, "avg_room_num": 0.000581822854566309, "perc_rural": 0.0009536518077037131, "unrel_ppl": 0.004359295660908716, "perc_owned": -0.0007015327441477659, "perc_yes_electricity": -0.000121811113257699, "perc_no_piped_water": 0.000478730136150811, "perc_sewage_system": -0.00023178591696127295, "perc_septic_tank": 0.0009094106449627201, "perc_no_sewage_system": -0.000592644775890986, "perc_electricity_fuelcook": -4.716256079495085e-05, "perc_yes_phone": 9.937320703624192e-05, "perc_yes_cell": 0.0003131816540814772, "perc_yes_internet": -0.0002889068868080738, "perc_yes_autos": 0.001031409252661839, "perc_yes_hotwater": -6.025380528379496e-05, "perc_yes_computer": -5.067872314064737e-05, "perc_yes_washer": 0.0007589183612559529, "perc_yes_refrig": 0.001185244457929097, "perc_yes_radio": -0.000133212301591201, "perc_yes_kitchen": -0.000471401644941295, "perc_flush_toilet": -1.5892601560672033e-05, "perc_yes_bath": 0.000180587015982384, "perc_no_unfinished_floor": -6.801955757735197e-05, "perc_cement_floor": 0.0010486655275062638, "perc_scrap_wall": 0.000297010094087492, "perc_cardboard_wall": 0.00042941877443651203, "perc_wood_wall": -0.000852377779549876, "perc_reed_bamboo_palm_wall": 0.00028340208988845305, "perc_brick_stone_wall": -8.244645549843104e-05, "perc_adobe_wall": 0.0007115789238776218, "perc_mud_wall": -0.00030029419964866695, "perc_metal_asbestos_sheet_wall": 0.00013059442977689492, "perc_masonry_roof": -0.0005253101590632951, "perc_slate_roof": 0.000541854881247547, "perc_asbestos_roof": 0.00026566331557223503, "perc_sheet_metal_roof": 0.000476578482759444, "perc_plant_materials_roof": 0.000269892876373043, "perc_wood_roof": 6.561334682018001e-05, "perc_thatch_roof": 0.000492191439015551, "perc_scrap_material_roof": -0.000627197783201328, "perc_cardboard_roof": 0.001999349428653035, "perc_one_person_hhtype": 0.0011288523332262691, "perc_married_with_children_hhtype": -0.002543901018428369, "perc_single_parent_hhtype": -0.000377075979074987, "perc_extended_family_hhtype": 0.000579756169470231, "perc_composite_hhytpe": 0.004017014305977041, "perc_non_family_hhtype": 0.003717496401297614}