{"total_migrants": 680778.546875, "avg_age": 28.55091003685447}