{"total_migrants": 472611.5079460144, "avg_age": 29.870063365220222}