{"total_migrants": 680107.6563431323, "avg_age": 195.45864233839612}