{"avg_age": 19557033.136386283, "num_og_migrants": 396.0, "num_pred_migrants": 4375.364654541016}