{"total_migrants": 680642.1201553345, "avg_age": 28.54896191350208}