{"total_migrants": 541524.5305290222, "avg_age": 29.89948092299452}