{"avg_age": 19487261.697693624, "num_og_migrants": 335.0, "num_pred_migrants": 2301.013952255249}