{"total_migrants": 680780.0797729492, "avg_age": 28.547551722177896}