{"total_migrants": 541402.5188522339, "avg_age": 29.89908562010365}