{"total_migrants": 678531.8407592773, "avg_age": 28.55414296491425}