{"total_migrants": 541510.5145606995, "avg_age": 29.899447627440345}