{"total_migrants": 541657.0166931152, "avg_age": 29.90453442656553}