{"total_migrants": 680232.3118896484, "avg_age": 195.40083764524636}