{"avg_age": 19434491.718743593, "num_og_migrants": 417.0, "num_pred_migrants": 920.1434326171875}