{"total_migrants": 680315.9187011719, "avg_age": 195.44866013172032}