{"total_migrants": 680030.2225293517, "avg_age": 195.22226271922233}